id,name,node_type,category,subtype,brings,agenda,key_people,website,ein,filings_url,latest_fy_revenue,grant_programs,next_date,events,warm_path,fit_score,the_ask,sources,verify_flags
prebys,Conrad Prebys Foundation,org,private funder,private foundation,"money,space,doors","Arts & culture, medical research, health, youth; impact investing (Prebys Ventures); civic infrastructure. Funds creative industries as economic infrastructure; $3M into FY27 city arts rescue; bought California Theatre ($6.3M).","Grant Oliphant (President & CEO); Julie Dubick (Chief of Staff); Emily Young & Chris Sichel (VPs Programs); Alexandra Kritchevsky (Program Officer, arts; alexandra@prebysfdn.org x104); Crystal Page (VP Comms); Mike Krenn (MD Prebys Ventures); board chair Dan Yates; Victoria Hamilton (board)",https://www.prebysfdn.org,20-3216993,https://projects.propublica.org/nonprofits/organizations/203216993,FY2024 revenue $33.97M; expenses $67.5M; net assets $1.092B; grants paid $64.3M,"Leadership Awards ($100k x5 individuals; noms Jun-Jul; announce Feb); Artists Count ($1.3M/42 artists; 2026 window closed Aug 21); Arts Ecosystem Venues & Spaces (2025, closed); Creative Industry Survey (for-profit creative businesses; closes Sept 30 2026)",2026-09-30,Stop & Talk podcast; Leadership Awards celebration ~late Feb 2027,Glus (fellow); Haley (relationships); survey,5,Complete survey by 9/30; newsletter; program-officer demo; TAS in next arts cycle; 2028 award nomination,https://www.prebysfdn.org/grants/2027-prebys-leadership-awards; https://www.prebysfdn.org/making-a-difference/san-diego-creative-industry-survey; https://artistscount.org/,Arts Ecosystem page still shows open (closed Apr 2025); Prebys Ventures scope
dsdp,Downtown San Diego Partnership,org,civic org,501(c)(6) business league,"doors,people,space","Downtown economic advocacy, Clean & Safe, placemaking, Art + Design District; employs Glus.",Betsy Brennan (President & CEO); Justin Apger (COO); Sarah Brothers (SVP Brand); Justine Murray (VP Gov Affairs); Nathan Bishop (VP Planning); board chair Keith B. Jones (ACE Parking); Julie Dubick (Prebys) on board,https://downtownsandiego.org,95-1729734,https://projects.propublica.org/nonprofits/organizations/951729734,FY6/2025 revenue $15.85M; net assets $301k,"Membership $1,500-$20,000; affiliated 501c3s: DSDP Foundation (EIN 33-0961464), Public Spaces Foundation (EIN 46-2438392)",,Create the Future Awards (~late Mar; 2026 was Mar 25),Glus,4,"Buy $1,500 membership; awards table",https://downtownsandiego.org/membership/; https://downtownsandiego.org/about/board-of-directors/,State of Downtown 2026 date not found; Columbia Community Foundation single mention
add,Art + Design District,org,civic org,initiative of DSDP funded by Prebys,"doors,people","Downtown arts district for creatives, creative education and creative workforce (not tourists); five theatres + NewSchool + MCASD + Park & Market; media coalition with SD Magazine and SDFC Playmakers through early 2027.",Jonathon Glus (ED),https://downtownsandiego.org/art-design/,,,,,,Street activations; SD Magazine Arts Edition coverage run to early 2027,Glus,5,Slot in activation calendar / coverage run; advisory roster; anchor intros,https://sandiegomagazine.com/everything-sd/arts-culture/a-conversation-with-arts-and-culture-districts-jonathon-glus/; https://sandiegomagazine.com/everything-sd/art-design-district-sdfc-playmakers-and-san-diego-magazine-launch-new-model-for-local-arts-coverage/,Advisory roster unpublished; spring 2026 plan not found
sdam,San Diego ART Matters (formerly SDRACC),org,advocacy,"501(c)(3) coalition, 150+ orgs","people,doors",Public and private investment in SD arts; local affiliate of Californians for the Arts and Americans for the Arts; brokered County CEP + Prebys match; co-runs Artists Count.,Bob Lehman (ED); James Halliday (interim chair); Shayla James; Jillian Kodama (SDF); Rebecca Pierce Goodman (LJ Playhouse); Erin Spiewak; Jonathon Glus (board); Victoria Hamilton (emeritus),https://sdartmatters.org,,,,,,Advocacy events; rally May 27 2026,Glus; Halliday,5,Join; coffees with Halliday and Lehman,https://sdartmatters.org/who-we-are/our-team/board-of-directors/,EIN not found under this name
cfta,California for the Arts / California Arts Advocates,org,advocacy,statewide 501(c)(3)/(c)(4),doors,Statewide arts advocacy; Performing Arts Equitable Payroll Fund; Creative Economy of California; Glus is board president.,Julie Baker (CEO); Jonathon Glus (board president),https://www.caforthearts.org,,,,,2027-04-28,CA Arts & Culture Summit / Arts Advocacy Day Apr 28-30 2027 Sacramento,Glus,3,Attend Summit via Glus,https://www.caforthearts.org/events,EIN not confirmed
avsd,A Vibrant San Diego (formerly Arts+Culture:San Diego),org,advocacy,coalition,"people,doors",Stable and secure arts funding; Balboa Park support; ran the 2026 restore-the-cuts campaign.,"Christine Martinez (Director, director@avibrantsandiego.org)",https://artsandculturesd.org/,,,,,,,Cold,3,Get on the list; coffee,https://artsandculturesd.org/,SDRACC lineage unconfirmed; no Advocacy Day 2027 date
bacd,San Diego Black Arts & Culture District (SD African American Museum of Fine Art),org,institution,city-designated cultural district,"people,doors",Encanto/Imperial Ave district; named by Glus as a pillar; County $500k (Apr 2026).,Gaidi Finnie (ED),https://www.sdblackacd.org,46-4919537,https://projects.propublica.org/nonprofits/organizations/464919537,2025 revenue $364k,,,,Glus,2,Cross-district collaboration,https://www.kpbs.org/news/local/2022/09/15/san-diegos-black-arts-culture-district-aims-to-empower-and-heal,
sdtheatres,"San Diego Theatres, Inc. (Civic + Balboa Theatres)",org,venue,nonprofit venue operator,"space,doors",Operates the city-owned Civic and Balboa Theatres; District centerpiece.,Carol Wallace (President & CEO); Maria Nieto Senour (board chair),https://www.sandiegotheatres.org,,,,,,Silent Movie Mondays,Glus,2,Future launch-scale venue,https://www.sandiegotheatres.org/about/board-leadership,
symphony,San Diego Symphony / Jacobs Music Center / Rady Shell,org,institution,nonprofit,"doors,people,space",Music Connects community programs; flagship venues.,"Martha Gilmer (President & CEO); Rick Baker (corporate partnerships, rbaker@sandiegosymphony.org)",https://www.sandiegosymphony.org,95-2040874,https://projects.propublica.org/nonprofits/organizations/952040874,FY2023 revenue $93M; net assets $183.6M,,2026-10-03,Opening weekend Oct 3-4 2026,Cold,2,Community-night co-branding later,https://www.sandiegosymphony.org/about/administration/,
mcasd,Museum of Contemporary Art San Diego,org,institution,nonprofit museum,doors,Contemporary art; new director from Oct 2026; Design Week sponsor.,"Brett Littman (Director & CEO, from Oct 2026)",https://mcasd.org,95-1855640,https://projects.propublica.org/nonprofits/organizations/951855640,FY2023 revenue $9.5M; net assets $133M,,,Visiones Nocturnas (Sept 2026-Jan 2027),Cold,2,Post-launch,https://mcasd.org/about/press/mcasd-announces-new-ceo,
sdopera,San Diego Opera,org,institution,nonprofit,doors,Anchor institution; Jacobs collaboration fund with Symphony.,David Bennett (GD & CEO),https://www.sdopera.org,,,,,,,,1,,,
parkmarket,UC San Diego Park & Market,org,venue,university downtown hub,"space,people","66,750 sq ft East Village hub; programmable space; hosts Vanguard Culture Art Garden.",Andrew Waltz (Director of Arts Management),https://calendar.ucsd.edu/park-and-market,,,,,,Art Garden,Vanguard Culture; Glus,4,A creatives.exchange evening downtown,https://today.ucsd.edu/story/collaboration-creative-partnerships-thrive-at-uc-san-diego-park-market,
sdmag,San Diego Magazine,org,media,magazine,"people,doors",Sept 2026 Arts Edition underwritten by Art + Design District; six months of arts coverage into early 2027.,Claire Johnson (CEO),https://sandiegomagazine.com,,,,,,,Glus,4,A story in the coverage run,https://sandiegomagazine.com/things-to-do/fall-arts-preview-2026/,arts editor not confirmed
sdfc,San Diego FC — Playmakers,org,corporate,MLS club creative program,"people,doors",Pays 13 local creatives; quarterly Creative Mixers; co-publisher of SD Magazine arts coverage.,Sebastián Morúa (SVP Brand & Innovation),https://www.sandiegofc.com/club/community/playmakers,,,,Interest form for artists,,Quarterly Creative Mixers,Glus,3,Attend a mixer; compare notes,https://www.sandiegofc.com/club/community/playmakers,
city_ca,City of San Diego — Cultural Affairs Division / Commission for Arts and Culture,org,public funder,municipal (division of Economic Development),"money,doors","Creative City plan (Nov 2024): centering artists and spaces, creative entrepreneurship. FY27 grants restored to $10.35M after proposed cut to $2M. State-Local Partner for CAC; administers CAC Individual Artists Fellowship Region 8.","Christina Bibler (Econ Dev Director); Christine E. Jones (senior staff; CAC liaison, christinej@sandiego.gov); Rachel Laing (Asst Deputy Director); Olivia Jones (Funding Manager); Bell Reza (commission liaison); chair Alessandra Moctezuma; commissioners incl. Kamaal Martin, Vanessa Ybarra Davis, Abe Hughes",https://www.sandiego.gov/economic-development/cultural-affairs,,,FY27 arts/culture $10.35M (FY26 $13.8M),"OSP (city-HQ 501c3, 2 yrs own board, no fiscal sponsor); CCSD (county-HQ, fiscal sponsor OK, min $5k); CAC IAF ($5k/$10k/$50k, ~Apr); FY28 est. open Oct 2026, Part 1 mid-Nov",2026-10-22,"Commission 4th Thu (3rd in Nov/Dec) 1:30pm; Oct 22, Nov 19, Dec 17 2026",Christine Jones via Glus,5,CCSD FY28 via TAS/sponsor; IAF for creatives; public comment Oct 22,https://www.sandiego.gov/economic-development/cultural-affairs/funding/apply; https://www.sandiego.gov/economic-development/cultural-affairs/funding/iaf; https://www.sandiego.gov/economic-development/cultural-affairs/meetings,FY28 dates pattern-based; ED title unclear; final FY27 total unconfirmed
city_council,San Diego City Council & Mayor,org,public body,elected,"money,doors","Mayor Gloria proposed the FY27 cut; Council (LaCava, Lee, Foster) restored.","Todd Gloria (Mayor); Joe LaCava (Council President, D1); Kent Lee (Pro Tem); Henry Foster III (Budget chair); Jen Campbell (D2); Stephen Whitburn (D3)",https://www.sandiego.gov/citycouncil,,,,"D2 Arts, Culture & Community Festivals fund (unconfirmed)",,,,2,,,ACCF fund unconfirmed; no arts committee found
county,County of San Diego — Board of Supervisors; Community Enhancement & Neighborhood Reinvestment Programs,org,public funder,county,"money,doors","$2.75M arts initiative (May 2026); CEP funds cultural programming; NRP funds capital; rolling, no deadline, apply per district.","D1 Paloma Aguirre; D2 Joel Anderson (La Mesa; District2Grants@sdcounty.ca.gov); D3 Terra Lawson-Remer (Encinitas/Del Mar/coastal; District3Grants@sdcounty.ca.gov, 619-531-5533); D4 Monica Montgomery Steppe; D5 Jim Desmond",https://www.sandiegocounty.gov/content/sdc/cao/edga/grants.html,,,,CEP (rolling; tax-exempt + CA AG + SOS); NRP (rolling; capital/equipment only),rolling,,Cold; local,5,TAS files D3 CEP (Nov 6) and D2 CEP (cohort); NRP for equipment,https://www.sandiegocounty.gov/content/sdc/cao/edga/grants/community-enhancement.html; https://www.sandiegocounty.gov/content/sdc/cao/edga/grants/neighborhood-reinvestment.html,Per-district giving patterns not reviewed
county_acc,County of San Diego Arts & Culture Commission,org,public body,advisory commission (13),doors,Advisory; seeking Local Arts Agency designation.,"Jim Gilliam (chair, D5); Bob Lehman (vice chair, D4; SDAM ED); Jay Bell (D3); Monica Hernandez (D1); Felicia Shaw (D4)",https://www.sandiegocounty.gov/content/sdc/cao/edga/arts-culture-commission/members.html,,,,,,arts@sdcounty.ca.gov 619-346-8572,Lehman via SDAM,3,Introduce the platform,,
cac,California Arts Council,org,public funder,state agency,money,"Impact Projects (≤$25k), General Operating (≤$30k), Arts Education (≤$25k), State-Local Partners, Individual Artists Fellowship; fiscal sponsors OK; Creative Corps sunset.","Roque Barros, Vicki Estrada (San Diego), Leah Goodwin (Imperial Beach) — council members; chair Roxanne Messina Captor",https://arts.ca.gov,,,,2026-27 deadline May 12 2026 (passed); next ~Mar-May 2027,2027-05-01,,City Cultural Affairs (SLP),3,TAS Impact Projects 2027; creatives to IAF,https://arts.ca.gov/grant_program/; https://arts.ca.gov/about/council-members/,2027 dates pattern-based
nea,National Endowment for the Arts,org,public funder,federal,money,GAP $10k-$100k; Challenge America $10k; requires 5-year programming history; fiscal sponsors barred.,,https://www.arts.gov/grants/grants-for-arts-projects,,,,FY28 ~Feb 2027 / ~Jul 2027,2027-02-01,,,1,Not viable before ~2029,https://www.arts.gov/sites/default/files/FY27-GAP-Program-Guidelines-Final-GAP2-V3.pdf,FY28 dates estimated
calhum,California Humanities — Humanities for All,org,public funder,state humanities council,money,$10-25k project grants; suspended 2025; partial resumption 2026; status unclear.,,https://calhum.org/grants-fellowships/humanities-for-all/,,,,,,,,1,Confirm status,,Status unclear
port,Port of San Diego — Tidelands Activation Program,org,public funder,quasi-public,"money,space",Free public events on tidelands; Community/Civic/Expanded Access categories.,TAP@portofsandiego.org,https://www.portofsandiego.org/tidelands-activation-program,,,,TAP deadline May 1 2027 5pm,2027-05-01,,,2,A bayfront showcase later,,FY labeling ambiguous
airport,San Diego County Regional Airport Authority — Arts Program,org,public body,quasi-public,"space,doors","Temporary Exhibitions (regional artists, institutions, community groups); Performing Arts residency; new 10-year Arts Master Plan in progress.",,https://www.san.org/arts/,,,,Rolling calls,rolling,,Cold,3,Garden artists to Temporary Exhibitions,https://www.san.org/the-arts-program/art-opportunities/,
encinitas,City of Encinitas — Cultural Arts Division / Commission for the Arts / Pacific View Arts Center,org,public body,municipal (Nov 6 host city),"space,people",PVAC city-run since Aug 2024 at 380 W F St; civic-space exhibition call ~Apr 2027; sculpture loan; skate-park mural.,"Danielle Deery, Nicole Argamosa, Amanda Banks, Ben Powell, Grace Spath (PVAC instructors); pvac@encinitasCA.gov (760) 943-2160",https://encinitasca.gov/community/cultural-arts,,,,Exhibition call opens ~Apr 2027,2027-04-01,,Cold; Jim Gilliam (County chair) was Encinitas arts admin,4,Nov 6 cross-promo; Deery coffee,https://encinitasca.gov/community/pacific-view,Commission roster not retrieved; Community Grant Program / Arts Alive not found; EACEA not found
carlsbad,City of Carlsbad — Cultural Arts Division / Arts Commission / Community Arts Grants,org,public funder,municipal,"money,space",Free arts programs; Cannon Art Gallery; Community Arts Grants (FY26-27 decided Jun 4 2026); 2018 Arts & Culture Master Plan; Arts Commission 1st Thu 5:30pm.,"Craddock Stropes (Cultural Arts Manager, arts@carlsbadca.gov 442-339-2726); Krystal Roa (Community Arts Grants, krystal.roa@carlsbadca.gov 442-339-5611)",https://www.carlsbadca.gov/departments/cultural-arts,,,,Community Arts Grants next ~spring 2027; portal grantinterface.com urlkey=carlsbad,2027-03-01,Arts Commission 1st Thursday 5:30pm,Cold,3,Get on Roa radar,,Amounts unpublished; 2027 dates estimated
oceanside_city,City of Oceanside (Cultural District),org,public body,municipal,space,Oceanside Cultural District (2017 California Cultural District); no live Arts Commission found.,,https://www.oceansideca.org,,,,,,,,1,Use OMA and MainStreet Oceanside instead,,Arts Commission status unverified
lamesa,City of La Mesa,org,public body,municipal (TAS home),,No arts commission or arts grant program found; public path is County D2.,,,,,,,,,,1,,,City site unreachable
delmarfdn,Del Mar Foundation,org,private funder,community foundation (Del Mar),money,~$138k/yr incl. diverse cultural programs and community events in Del Mar; fiscal sponsorship services.,info@delmarfoundation.org (858) 635-1363,https://www.delmarfoundation.org/grants/,95-3718831,,,Grants (deadline not stated),,,Cold,2,A Del Mar-based program,,Deadline not found
arts_nc,"A Reason To Survive (ARTS), National City",org,institution,creative youth development nonprofit (peer),people,South County youth 12-24; ARTS@Work; scaled to $1.65M.,,https://areasontosurvive.org,33-0963135,https://projects.propublica.org/nonprofits/organizations/330963135,FY2024 revenue $1.65M,,,,,1,Peer comp for fiscal-sponsor conversations,,Leadership not confirmed
sdf,The San Diego Foundation,org,private funder,community foundation,"money,doors",$1.48B net assets; arts no longer a listed impact area; Creative Catalyst (2013-19) appears dormant; ~70% donor-directed (DAFs); Coastal Community Foundation office in Encinitas absorbed 2024; regional affiliates run open calls.,"Mark Stuart (CEO, single source); Matt Fettig (CIO/CFO); Jillian Kodama (SDAM secretary); Jason Rogers (advisor symposium)",https://www.sdfoundation.org,95-2942582,https://projects.propublica.org/nonprofits/organizations/952942582,FY6/2025 revenue $196.9M; net assets $1.484B,"Safe & Stable Housing Fund (Oct 2 2026; not arts); affiliates: Carlsbad Charitable ($15-40k arts; LOI ~Mar), Oceanside Charitable",2026-10-07,Professional Advisor Symposium Oct 7 (invite); Fifty & Forward close Oct 2026; SD Fundraising Conference Sept 14-15 2027,DAF holders; Encinitas office 619-814-1332,3,DAF-holder intros for Nov 6; confirm Creative Catalyst status,https://www.sdfoundation.org/community-impact/impact-areas/,CEO single-source; Creative Catalyst dormant?
carlsbad_cf,Carlsbad Charitable Foundation (SDF affiliate),org,private funder,community foundation affiliate,money,2026-27 cycle funds arts & culture programs serving Carlsbad; fiscal sponsorship allowed.,,https://carlsbadcharitablefoundation.org,,,,$15k-$40k; LOI early March,2027-03-02,,SDF,3,TAS/AP if a Carlsbad program exists,,Deadline Mar 2 vs 6 conflict
rsff,Rancho Santa Fe Foundation,org,private funder,community foundation (North County),"money,doors",Invitation-only Community Impact Fund (~$180k/yr); DAFs; RSF Women's Fund affiliated.,Ben Moraga (CEO); Abigail Jones (Community Leadership); Lindsay Langford CFRE (Growth & Strategy); info@rsffoundation.org (858) 756-6557,https://rsffoundation.org,,,,Invitation only,,,Cold,2,Relationship with Jones/Langford,https://rsffoundation.org/about-us/our-team/,EIN not confirmed
rsfwf,Rancho Santa Fe Women's Fund,org,private funder,giving circle,money,~$400k/yr pooled; rotating theme; LOI + site visits.,,https://rsfwomensfund.org,,,,Annual LOI; theme rotates,,,Haley-shaped door,3,LOI when theme fits,,Cycle dates unknown
sdwf,San Diego Women's Foundation (SDF fund),org,private funder,giving circle,money,~$250k/yr; one theme/yr; member-voted; $25k+ grants.,,https://sdwomensfoundation.org,33-0907092,https://projects.propublica.org/nonprofits/organizations/330907092,FY2025 revenue $808k; net assets $6.3M,Annual,,,,2,,,
laspatronas,Las Patronas,org,private funder,"giving circle (La Jolla, 1946)",money,Capital items only; $20k+ major beneficiaries + smaller grants twice yearly; 501c3 3+ years.,"Dagmar Smek (VP Grants, grants@laspatronas.org)",https://www.laspatronas.org,,,,Winter & summer cycles,,Annual gala (spring),Cold,2,Equipment/studio buildout when TAS is 3 yrs old,,Exact deadlines unpublished
leichtag,Leichtag Foundation / Leichtag Commons / The Hive,org,private funder,family foundation + Encinitas campus,"space,people,money",67.5-acre Encinitas campus; The Hive coworking (~30 nonprofit tenants); Coastal Roots Farm; grantmaking status uncertain (reported merger into JCF Aug 2025).,Jim Farley (Executive Chair),https://leichtag.org,,,,,,,Cold,3,Venue/coworking partner; confirm grant status by phone,https://workthehive.com,Merger into JCF unconfirmed on own site
picerne,Kenneth A. Picerne Foundation — Artist Outreach Project,org,private funder,family foundation,money,$15k stipend + materials for 12-month artist project serving underserved populations in North SD County; artists 55+; nonprofit partner required.,"Victor Nelson (ED, vnelson@picernefoundation.org (949) 267-1517)",https://picernefoundation.org/programs/artist-outreach-project/,,,,2026 deadline Apr 17 (passed); next ~Apr 2027,2027-04-17,,Cold,3,An elder Garden artist with TAS as partner,,2027 date estimated
parker,The Parker Foundation,org,private funder,family foundation (1971),money,"$48M+ assets; ~22% arts; grantees Mingei, SD Opera, MCASD, Playwrights Project; co-funder of Artists Count; online application ongoing.",,https://theparkerfoundation.org,,,,Rolling online application,rolling,,Cold,3,TAS applies,,EIN not confirmed; deadlines page not retrieved
cushman,Cushman Foundation (via Jewish Community Foundation CAP),org,private funder,family foundation,money,"Seniors, arts & culture, education, health; $100-$1.05M awards; excludes religious institutions, individuals, galas, general operating.",cap.jcfsandiego.org (858) 549-2874,https://cap.jcfsandiego.org,33-0643458,,FY6/2025 revenue $5.45M; net assets $36.9M; disbursements $4.0M,Per JCF cycle,,,Cold,2,TAS with secular arts-education framing,,Cycle dates not retrieved
wmf,William Male Foundation,org,private funder,artist-grant foundation,money,"Grants to individual San Diego County artists 18+; $1,000-$5,000; year-round applications; decisions Apr 1 and Oct 1.",info@WilliamMaleFoundation.org; 6170 Cornerstone Ct E #100,https://williammalefoundation.org/apply,,,,Jul 1-Dec 31 -> Apr 1; Jan 1-Jun 30 -> Oct 1,2026-12-31,,Open,5,Every Garden creative applies,https://williammalefoundation.org/recipients-master-list,
sahm,Sahm Family Foundation,org,private funder,family foundation,money,Children/seniors and fine & performing arts; NOT accepting requests.,,https://www.sahmfamilyfoundation.org,33-0753690,https://projects.propublica.org/nonprofits/organizations/330753690,FY2025 grants ~$3.0M; net assets $58.6M,Closed,,,,1,Track,,
price,Price Philanthropies,org,private funder,family foundation (City Heights),money,No unsolicited requests; Sakara Tear takes meeting requests.,Sakara Tear (stear@pricephilanthropies.org),https://pricephilanthropies.org,,,,Invitation,,,,1,Only with a City Heights program,,
seuss,Dr. Seuss Foundation,org,private funder,family foundation,money,"Education, arts, health; legacy institution funder; relationship-based.",,https://drseussfoundation.org,,,,Invitation,,,,1,,,
dickinson,Donald C. & Elizabeth M. Dickinson Foundation,org,private funder,family foundation,money,"Education, medicine, arts; grantees ICA SD, Mingei, SDMA, Symphony; preselected only.",,https://www.thedickinsonfoundation.org,33-0653203,,$11M/78 grants 2020-24,Invitation,,,,1,,,Separate Dickinson Family Foundation EIN 88-1705489
jacobs,Joan & Irwin Jacobs (personal philanthropy),org,private funder,individual donors,money,Largest individual arts donors: $10M Liberty Station PAC; $4.5M Opera-Symphony fund (Jan 2026); MCASD naming.,Irwin Jacobs,,,,,Relationship via institutions,,,,1,,,
scripps_fdn,Ellen Browning Scripps Foundation,org,private funder,family foundation,money,Preselected only; ~$10M assets; arts among interests.,,,95-1644633,,,Invitation,,,,1,,,Aggregator-sourced
nordson,Nordson Corporation Foundation,org,corporate,corporate foundation,money,"Invitation only; performing arts eligible; funds SD Children's Choir, Contemporary Youth Orchestra.",,https://www.nordson.com,,,,Invitation,,,,1,,,
farrell,Farrell Family Foundation,org,private funder,family foundation,money,SD-only; arts criterion favors community access and matching funds; periodic cycles.,,,,,,Periodic,,,,2,,,No primary site; aggregator only
hervey,Hervey Family Fund (at SDF),org,private funder,donor-advised endowment,money,Broad; gave $15k to Voices of Our City Choir; reached via SDF donor relations.,,https://www.sdfoundation.org,,,,Via SDF,,,,1,,,
bofa,Bank of America,org,corporate,bank,money,Neighborhood Builders (spring 2027); arts money flows as sponsorship (LJ Playhouse 2026/27); Pamela McCarthy on DSDP board.,Pamela McCarthy (DSDP secretary),https://about.bankofamerica.com,,,,Neighborhood Builders reopens spring 2027,2027-03-01,,DSDP,2,Sponsorship ask,,
missionfed,Mission Federal Credit Union,org,corporate,credit union sponsor,money,Title sponsor of Mission Fed ArtWalk (Little Italy Apr; Liberty Station Aug; Carlsbad Sept); Symphony/Rady Shell.,,https://www.missionfed.com,,,,Sponsorship,,ArtWalk Carlsbad Sept 19-20 2026; Little Italy ~Apr 2027,Cold,3,Nov 6 sponsorship ask,https://www.artwalksandiego.org,
usbank,US Bank,org,corporate,bank,money,LJ Playhouse sponsor; Create the Future Awards title sponsor.,,,,,,Sponsorship,,,DSDP,2,,,
qualcomm_fdn,Qualcomm Charitable Foundation,org,corporate,corporate foundation,money,No unsolicited requests; culturally vibrant communities pillar; LJ Playhouse and Design Week sponsor.,,https://www.qualcomm.com/about/citizenship,27-4621444,,,Invitation,,,,1,,,
sycuan,Sycuan Band of the Kumeyaay Nation — Sycuan Cares,org,tribal,tribal giving,money,Donations/sponsorships incl. arts; mail-only requests with W-9; 3-4 weeks; holiday ceremony $175-190k/yr.,"Lauren Morrow (Community Development Manager), 5485 Casino Way, El Cajon 92019",https://www.sycuan.com/sycuan-cares/,,,,Rolling (3-4 wk lead),rolling,Holiday Gift Giving (Dec),Cold,3,Nov 6 sponsorship request now,,
viejas,Viejas Band of Kumeyaay Indians,org,tribal,tribal giving,money,"~$2M/yr; diversity, environment, youth/seniors, education, cultural preservation; excludes individuals, re-granters, most sectarian religious groups; 60 days lead.",community@viejas.com 619-445-3810,https://viejasbandofkumeyaay.org/viejas-community/community-support/,,,,Rolling (60 days),rolling,,Cold,2,TAS secular framing,,
barnabas,Barnabas Group San Diego,org,faith network,Christian philanthropy pitch network,"money,people,doors","Christian business leaders ($2,100/yr partners) hear vetted ministries at quarterly summits; Abiding Practice presented Mar 12 2025.","Curt Hensley (chair); Selah Binno (ED); Ron Flores (Ministry Engagement, Ron.Flores@BarnabasGroup.org); Corrina Figueroa (Ops)",https://www.barnabasgroupsd.org,,,,Quarterly presentation slots,,Quarterly summits,David Russo (AP presented),5,AP re-presents with the platform,https://www.barnabasgroupsd.org/presenting-ministries-archive/abiding-practice,
fde,Faith Driven Entrepreneur — San Diego,org,faith network,entrepreneur network,people,8-week cohorts; SD Christian Chamber of Commerce runs an FDE study.,Carter Crockett (SD connector),https://faithdrivenentrepreneur.org,,,,,,,Cold,3,Reach Crockett,https://sdchristianchamber.com,
c12,C12 San Diego,org,faith network,Christian CEO forums,people,Peer forums for Christian CEOs; founding chair Mike Hudson (2015).,,https://www.joinc12.com/territories/san-diego/,,,,,,,,2,,,Current chair unconfirmed
convene,Convene (San Diego Team #3),org,faith network,Christian CEO roundtable,people,12-member CEO roundtable at Rancho Bernardo Inn.,Joe LaRussa (chair),https://convenenow.com,,,,,,,,2,,,
ncf,National Christian Foundation,org,faith network,DAF sponsor for Christian donors,money,Giving Funds = DAFs; $14.5B granted; no confirmed SD office.,,https://www.ncfgiving.com,,,,Via donors,,,,2,Ask prospects if they hold an NCF fund,,No local office confirmed
ncpc,North County Philanthropy Council,org,civic org,funder/nonprofit convening network,"doors,people",North County convening; grants-resource page; Impact Leadership Accelerator.,,https://ncphilanthropy.org,,,,Membership,,,Cold,3,Join for visibility,https://ncphilanthropy.org/grants/,
svp,Social Venture Partners San Diego,org,private funder,venture philanthropy,"money,people","$5,500+/yr partners fund and coach vetted investees.",,,,,,Partner nomination,,,,2,,,Current status unconfirmed
liberty,Arts District Liberty Station (NTC Foundation),org,venue,nonprofit campus operator; CA Cultural District 2026,"space,people,doors",100+ resident arts orgs; First Friday (5-9pm) with performance application; barracks refurbishment; Admiral NTC.,Lisa Johnson (President & CEO); James Halliday (VP & Chief Advancement Officer),https://ntcfoundation.org,90-0126641,https://projects.propublica.org/nonprofits/organizations/900126641,FY2023 revenue $6.4M; net assets $30M,First Friday performance application (rolling),rolling,First Friday monthly,"Halliday (SDAM, EFA)",5,Garden First Friday showcase; TAS resident conversation,https://ntcfoundation.org/friday-night-liberty-application,
ucsd_dl,UC San Diego Design Lab,org,university,research/civic design unit,"people,doors",Design@Large (Thu 4-5pm); founded Design Forward Alliance; hosted Glus Jan 28 2026.,Mai Nguyen (Director); Nadir Weibel; Daniela Deutsch,https://designlab.ucsd.edu,,,,,,Design@Large weekly,Glus; @designlabucsd,4,Design@Large slot; Design Week 2027,https://www.instagram.com/p/DT3uNa5kpr8/,Fall 2026 schedule not published
dfa,Design Forward Alliance / San Diego Design Week,org,civic org,volunteer 501(c)(3),"people,doors","Runs SD Design Week (Sept 15-20 2026; 100+ free activations); sponsors Adobe, Qualcomm, MCASD, DSDP, NewSchool.",,https://www.designforwardsd.com/,81-5389496,,,Sponsor/volunteer/participate,2027-09-01,Design Week annually in September,UCSD Design Lab,3,Participate in Design Week 2027,https://sddesignweek.org/,Leadership not named on site
ucsd_ah,UC San Diego — Arts & Humanities / ArtPower,org,university,university,"people,space",Dean sets arts agenda; ArtPower presents; hosted VAMP.,Cristina Della Coletta (Dean); Colleen Kollar Smith (ArtPower ED),https://artsandhumanities.ucsd.edu,,,,,,ArtPower season,Glus,2,,,
space4art,Space 4 Art,org,institution,artist studios nonprofit (East Village),"space,people",34 artists/22 studios; $200k Prebys grantee; ED named in Arts Edition.,Jennifer de Poyen (ED),https://www.sdspace4art.org,27-4003216,https://projects.propublica.org/nonprofits/organizations/274003216,FY2023 revenue $538k,Studio applications (unpublished),,,Cold,3,Peer partnership,,
breadsalt,Bread & Salt,org,venue,private arts complex (Barrio Logan),"space,people","45,000 sq ft galleries, live/work, residency, publishing.",James Brown (owner); Isabel Dutra,https://publicarchitectureanddevelopment.com,,,,Residency (terms unpublished),,,Ours (Sept 4 first table),3,Residency/venue,,No 501c3 found
ica,Institute of Contemporary Art San Diego (ICA North Encinitas / ICA Central),org,institution,nonprofit (filed as San Diego Art Institute),"space,people",Encinitas campus with residency since 2007; cut 42% of staff Jul-Aug 2026 and closed Balboa Park site; only ICA North open.,Andrew Utt (title unconfirmed); Abe Hughes (board; City commissioner),https://icasandiego.org,95-1816068,https://projects.propublica.org/nonprofits/organizations/951816068,FY2023 revenue $2.1M (deficit),Residency (terms unpublished),,,Cold,4,Nov 6 cross-promo; residency path,https://www.kpbs.org/news/arts-culture/2026/09/03/san-diego-arts-organizations-cut-staff-due-to-funding-struggles-some-former-employees-claim-financial-mismanagement,Leadership title unconfirmed
oma,Oceanside Museum of Art,org,institution,nonprofit museum,"people,space",Artist Alliance (juried membership; Biennial; Quarterly Exchange); 2026 SD Art Prize with SDVAN; Changing Terrain through Jan 17 2027.,James Peck (ED),https://oma-online.org,33-0653905,https://projects.propublica.org/nonprofits/organizations/330653905,FY2023 revenue $2.3M,Artist Alliance membership,,Quarterly Exchange,Danielle Deery (ex-OMA),4,Artist Alliance mechanics; cross-promo,https://oma-online.org/artist-alliance,
sdvan,San Diego Visual Arts Network,org,institution,artist network,people,SD Art Prize (20 yrs); North County Arts Network; open-studios directory.,Patricia Frischer (founder),https://sdvisualarts.net,,,,,,,Cold,3,List Garden creatives; Art Prize nominations,,EIN not found
vanguard,Vanguard Culture,org,media,nonprofit journalism + convening,"people,doors",Creative-workforce journalism; SD ARTS Pass; Art Garden at Park & Market.,Susanna Peredo Swap (Founder & ED),https://vanguardculture.com,81-2870845,https://projects.propublica.org/nonprofits/organizations/812870845,FY2023 revenue $289k,,,Art Garden; calendar,Cold (Glus named her),5,Press + convening ally; list Nov 6,,
ssaw,So Say We All (VAMP),org,institution,literary/performing nonprofit,people,Monthly VAMP true-story showcase; blind Submittable; coaching.,Jennifer D. Corley (Program Director),https://www.sosayweallonline.com/vamp,27-2586765,https://projects.propublica.org/nonprofits/organizations/272586765,FY2023 revenue $168k,VAMP submissions (rolling),rolling,Last Thursday monthly,Cold,3,Testimony format; cross-promo,https://sosayweallonline.submittable.com,
sdwi,"San Diego Writers, Ink",org,institution,literary nonprofit (Liberty Station),people,Workshops; readings; SD Writers Festival.,Kristen Fogle (ED),https://writeyourstorynow.org,20-1202924,https://projects.propublica.org/nonprofits/organizations/201202924,FY2024 revenue $256k,,,Dime Stories; Sunday Author Series,Cold,2,,,
athenaeum,Athenaeum Music & Arts Library (Library Association of La Jolla),org,institution,nonprofit,doors,Administers Murals of La Jolla (invitation by advisory committee).,Christie Mitchell (ED),https://ljathenaeum.org,95-1916045,https://projects.propublica.org/nonprofits/organizations/951916045,FY2023 revenue $3.2M,Murals of La Jolla (invite only),,,Cold,2,,https://muralsoflajolla.com,
bpcp,Balboa Park Cultural Partnership,org,institution,consortium of 24 institutions,doors,Shared services; Learning Institute; Explorer pass; December Nights co-producer.,Peter Comiskey (ED); Jessica Hanson York (president; Mingei),https://bpcp.org,20-0857447,https://projects.propublica.org/nonprofits/organizations/200857447,FY2023 revenue $4.4M,,2026-12-05,December Nights Dec 5-6 2026,Cold,3,One pitch to 24 institutions,,
fbp,Forever Balboa Park,org,institution,nonprofit (capital stewardship),doors,Park-wide capital; chair Victoria Hamilton (Prebys board).,Katy McDonald (President & CEO); Victoria Hamilton (chair),https://foreverbalboapark.org,33-0849518,https://projects.propublica.org/nonprofits/organizations/330849518,revenue $4.8M; net assets $11.6M,,,,Hamilton,2,,,
globe,The Old Globe,org,institution,nonprofit theatre,"doors,people",Arts Engagement office (The 360 Project).,Adena Varner (Director of Arts Engagement),https://www.theoldglobe.org,95-1543396,https://projects.propublica.org/nonprofits/organizations/951543396,FY2023 revenue $27.7M,,,,Cold,2,Post-launch,,
ljp,La Jolla Playhouse,org,institution,LORT theatre (UCSD campus),"space,people","WOW Festival (Apr 15-18 2027); POP Tour; sponsors BofA, US Bank, Qualcomm.",Jessica Stone (AD); Debby Buchholz (MD); Eric Louie; Rebecca Pierce Goodman (SDAM treasurer),https://lajollaplayhouse.org,,,,WOW developmental slots (process unpublished),2027-04-15,WOW Festival Apr 15-18 2027,SDAM (Goodman),2,,,EIN not located
mingei,Mingei International Museum,org,institution,nonprofit museum,doors,Design Week partner; ED is BPCP president.,Jessica Hanson York (ED & CEO),https://mingei.org,23-7433357,https://projects.propublica.org/nonprofits/organizations/237433357,FY2023 revenue $6.7M,,,,,2,,,
comiccon,Comic-Con International / Comic-Con Museum,org,institution,nonprofit (San Diego Comic Convention),"people,doors","Artists' Alley, Small Press; Comic-Con 2027 Jul 22-25; museum year-round.",Robin Donlan (President),https://www.comic-con.org,95-3072188,https://projects.propublica.org/nonprofits/organizations/953072188,FY2023 revenue $34M,Registration Oct 17 / Nov 14 2026,2026-10-17,Comic-Con Jul 22-25 2027,Cold,2,Artists' Alley for Garden comics artists,,
sdiff,San Diego International Film Festival,org,institution,nonprofit festival,people,25th edition Oct 13-18 2026.,Tonya Mantooth (Artistic Director),https://sdfilmfest.com,,,,,2026-10-13,Oct 13-18 2026,Ryan Knight,3,Cross-promo before Nov 6,,EIN not confirmed
macsd,Media Arts Center San Diego / San Diego Latino Film Festival,org,institution,nonprofit,people,Founder won 2026 Prebys Leadership Award; Latino Film Festival Mar 17-21 2027; Digital Gym Cinema.,Ethan van Thillo (founder/ED),https://sdlatinofilm.com,,,,,2027-03-17,SDLFF Mar 17-21 2027,Prebys,3,Warm-intro target,,
davidsharp,The David's Harp Foundation,org,institution,youth music/creative-economy nonprofit,people,Founder won 2026 Prebys Leadership Award (arts).,Brandon Steppe (founder/ED),,,,,,,,Prebys,3,Warm-intro target,,
nva,New Village Arts (Carlsbad),org,institution,nonprofit theatre,people,Founder stepping down after 2026-27; Carlsbad grantee.,"Kristianne Kurner (Founder & Executive AD, departing)",https://newvillagearts.org,52-2320930,https://projects.propublica.org/nonprofits/organizations/522320930,FY2023 revenue $1.7M,,,,Cold,2,,,
ccae,"California Center for the Arts, Escondido",org,institution,nonprofit arts center,space,Escondido anchor; Prebys grantee (CCAE Theatricals).,Gina Lopez (CEO),https://artcenter.org,33-0646517,https://projects.propublica.org/nonprofits/organizations/330646517,FY2023 revenue $8.0M,,,,,2,,,
eap,Escondido Arts Partnership,org,institution,municipal gallery nonprofit,people,400+ member artists; free monthly shows.,Victoria Estacio Huckins (ED),https://escondidoarts.org,33-0783379,https://projects.propublica.org/nonprofits/organizations/330783379,FY2023 revenue $148k,,,,,2,,,
efa,Encinitas Friends of the Arts,org,institution,nonprofit (Pacific View programs),"people,doors",Runs PVAC programs; James Halliday on board.,Naimeh Woodward (President); James Halliday (board),https://encinitasarts.org,,,,,,,Halliday,4,North County bridge,,
hillstreet,Hill Street Country Club (Oceanside),org,institution,artist incubator,"space,people",Artists from marginalized communities; ICA-affiliated venue.,,https://thehillstreetcountryclub.org,,,,,,,,2,,,ED not confirmed
lapaloma,La Paloma Theatre (Encinitas),org,venue,historic cinema/live venue,space,Lightchurch Sunday venue; 1928.,(760) 436-7469,https://lapalomatheatre.com,,,,Rental terms unpublished,,,Lightchurch,3,,,
quartyard,Quartyard,org,venue,private event venue (East Village),space,Born as NewSchool thesis (RAD Lab).,Justin Navalle (GM & Partner),https://quartyardsd.com,,,,,,,,2,,,
shipwoods,A Ship in the Woods (Escondido),org,venue,nonprofit incubator,space,2-acre oak grove; 600-700-person events.,"RJ Brooks, Dan Fauchier; Lianne Mueller",https://shipinthewoods.com,46-2607986,https://projects.propublica.org/nonprofits/organizations/462607986,last full 990 FY2019,,,,,2,,,Filing status stale
delmar_fg,Del Mar Fairgrounds / The Sound,org,venue,state-owned halls; Belly Up-run venue,space,"Halls 3,500-6,800 cap; The Sound ~1,900.","22nd DAA; Belly Up: Steve Goldberg, Phil Berkowitz",https://www.delmarfairgrounds.com,,,,,,,,1,,,
littleitaly,Little Italy Association,org,association,501(c)(3) business district,"people,doors","Mercato, Mission Fed ArtWalk, Tree Lighting; State of the Neighborhood Sept 24.",Christopher Gomez (Chief Executive Administrator); Marco Li Mandri (Executive Advisor/founder); Steve Galasso (President),https://www.littleitalysd.com,,,,,2026-09-24,State of the Neighborhood Sept 24; Tree Lighting early Dec,Danny,3,Introduce via Danny,,Kettner Nights not confirmed
npms,North Park Main Street,org,association,business district,people,Festival of Arts; Taste of North Park; Ray at Night (status unconfirmed).,,https://northparkmainstreet.com,,,,,,,,2,,,Ray at Night status
e101,Encinitas 101 MainStreet,org,association,business district (Nov 6 city),people,Spring/Holiday Street Fairs; Taste of Encinitas.,,https://encinitas101.com,,,,,,Holiday Street Fair,Cold,3,Nov 6 promo,,Leadership not retrieved
mso,MainStreet Oceanside / Oceanside Art Walk,org,association,business district,people,First Friday Art Walk (60+ artists); Sunset Market; Taste of Oceanside Oct 3.,,https://mainstreetoceanside.com,,,,,2026-10-02,First Friday monthly incl. Nov 6,Cold,3,Nov 6 Garden crew,https://www.oceansideartwalk.org,
cva,Carlsbad Village Association,org,association,business district,people,Taste of Carlsbad Village; Faire Nov 1 (Chamber).,,https://carlsbad-village.com,,,,,2026-11-01,Village Faire Nov 1,,2,,,
ljvma,La Jolla Village Merchants Association / La Jolla Community Foundation,org,association,business district + foundation,"people,doors",Murals of La Jolla with the Athenaeum.,Scott Blaul (President),https://lajollabythesea.com,,,,,,,,2,,,
aiga,AIGA San Diego Tijuana,org,association,design chapter (binational),people,LINK youth program; six student chapters.,Máximo Escobedo (VP Special Projects),https://sandiego.aiga.org,,,,,,,Cold,2,,,
makers,Makers Arcade / San Diego Made,org,association,maker markets,people,Holiday Fair Dec 12-13 2026 Broadway Pier; vendor/musician applications open.,"Rebecca Chase, Jen Byard",https://makersarcade.com,,,,Vendor applications,2026-12-12,Holiday Fair Dec 12-13,Cold,3,Garden makers apply,,
startupsd,Startup San Diego / San Diego Startup Week,org,civic org,founder network,people,"Startup Week Nov 2-6 2026 (5,000+ founders/funders); site under construction.",,https://sandiegostartupweek.org,,,,,2026-11-02,Startup Week Nov 2-6,Cold,3,Side session; ends on Nov 6,,Org site placeholder
cm,CreativeMornings San Diego,org,association,monthly breakfast talks,people,"Last Friday 8:15am; Sept 25, Oct 30, Nov 20, Dec 18 2026.",,https://creativemornings.com/cities/sd,,,,,2026-09-25,Monthly,Cold,3,Attend; pitch a talk,,Host not confirmed
plnu,Point Loma Nazarene University,org,university,Christian university,"people,doors,space","Art + Design (Keller/Love galleries); Writer's Symposium by the Sea Feb 24-26 2027 (Patchett, O Tuama, Danticat); Center for Pastoral Leadership ($500k Lilly); Wesleyan Center non-operational.",G. James Daichendt EdD (Dean Arts & Humanities); Dean Nelson (Symposium founder; WritersSymposium@pointloma.edu); Kelley Klassen (CPL),https://www.pointloma.edu,,,,,2027-02-24,Writer's Symposium Feb 24-26 2027; Lomaland Film Festival Feb 23,Cold,4,Symposium audience; Daichendt,https://www.pointloma.edu/events/writers-symposium-sea,Wesleyan Center on hold
usd,University of San Diego,org,university,Catholic university,people,"Humanities Center, Kroc, Center for Christian Spirituality, Harpst Center — site unreachable.",,https://www.sandiego.edu,,,,,,,,2,Retry,,Unverified this pass
kpbs,KPBS Arts,org,media,public media,"people,doors",Arts & Culture reporter edits region-wide arts calendar; The Finest podcast.,Julia Dixon Evans (jdevans@kpbs.org),https://www.kpbs.org/events/submit,,,,,,,Cold,5,Calendar listing + feature,,
timessd,Times of San Diego (Arts),org,media,online news,people,Reliable press-release pickup.,Debbie L. Sklar,https://timesofsandiego.com,,,,,,,Cold,3,Press release,,
coastnews,"Coast News Group (Coast News, Encinitas Advocate, Del Mar Times, La Jolla Light)",org,media,North County papers,people,North County paper of record.,,https://thecoastnews.com,,,,,,,Cold,4,Nov 6 coverage,,
tas,The Table Art Society,org,our node,501(c)(3) (La Mesa),people,Nine-month Artist Cohort; 2025 fundraiser Nov 6 2025; cultivating Prebys relationships; our 501c3 applicant.,Haley Montgomery Dall (Founder & ED),https://thetableartsociety.com,99-3558096,https://projects.propublica.org/nonprofits/organizations/993558096,no 990 yet (ruling Jul 1 2024),"Applicant for CEP, CCSD, Cushman, Viejas, Parker",,"Cohort Sept 25/28, Oct 23/26, Nov 13/16",Ours,5,"Confirm board date, Flourish SD, ZIP; file D3/D2 CEP",https://www.kpbs.org/events/2025/11/06/future-flourishing-the-table-art-society-2025-annual-fundraiser,ZIP 91942 vs 91941; @flourishsandiego.org emails
ap,Abiding Practice,org,our node,nonprofit,people,"Spiritual formation for artists; partners Light Church, TAS, Third Chair; presented at Barnabas Mar 2025.","David Russo (Founder/Director, david@abidingpractice.com); Christina Bumann; Jared Friesen; Kimberly Russo (Finance)",https://www.abidingpractice.com,33-2891524 (verify),https://projects.propublica.org/nonprofits/organizations/332891524,,,,Artist Showcase; Creative Sanctuary retreats,Ours,5,Confirm EIN/address; Barnabas return slot,https://www.abidingpractice.com/community,"IRS record shows Paradise CA, ruling Feb 2025"
lightchurch,Lightchurch (Encinitas) / Light Church network,org,our node,church (Nov 6 host),"space,people",Venues La Paloma Theatre and The Chapel (831 3rd St); AP partner church; Nov 6 not yet on calendar.,Benji Horning (Lead Pastor); Jen Horning (Co-Pastor & Creative Director); Savannah Goodell (Creative Pastor); David Gabel (Exec Pastor),https://www.lightsandiego.com,,,,,2026-11-06,Nov 6 showcase,Ours,5,List the event; Goodell liaison,https://www.lightsandiego.com/staff,Light Downtown relationship
grove,The Grove Center for the Arts & Media,org,our node,Christian arts nonprofit (Valley Center),people,"Artist grants, retreats, courses; site active; status per Rick: winding down.",Joey O'Connor (Founder & ED),https://www.thegrovecenter.org,,,,,,,Ours,2,Ask Joey about entity and assets,https://www.thegrovecenter.org/about-the-grove,No EIN found; location Valley Center
rock,Rock Church,org,church,megachurch (6 campuses),"people,space","~19k weekly (dated); Point Loma seats 3,500; El Cajon campus near La Mesa; Danny Barragan runs creative.",Miles McPherson (Senior Pastor); Danny Barragan (Executive Creative Director); Santiago Ruiz (Exec Pastor),https://sdrock.com,,,,,,,Danny,4,Congregational patrons; venue,https://theorg.com/org/rock-church/org-chart/danny-barragan,Attendance figure dated
shadowmtn,Shadow Mountain Community Church,org,church,megachurch (El Cajon; 11 campuses incl. Encinitas),"space,people",David Jeremiah; Turning Point media.,David Jeremiah (Senior Pastor),https://shadowmountain.org,,,,,,,Cold,2,,,Figures dated
nccc,North Coast Calvary Chapel (Carlsbad),org,church,church,"people,space","Runs a Faith, Work & The Arts community group.",,,,,,,,,Cold,3,Reach the group leader,,
skyline,Skyline Church (Rancho San Diego / La Mesa),org,church,church,people,"Campus at 11330 Campo Rd, La Mesa 91941 — TAS neighborhood.",,https://skylinechurch.org,,,,,,,Cold,2,,,
stpauls,St. Paul's Episcopal Cathedral,org,church,cathedral (downtown),"space,people",Music at St. Paul's; partners with Voices of Our City Choir.,,https://stpaulcathedral.org,,,,,,Evensong; concerts,Cold,2,,,Dean unconfirmed
stjames,St. James by-the-Sea (La Jolla),org,church,Episcopal parish,"space,people",St. James Music Series; St. James GALLERY by-the-Sea.,,https://sjbts.org,,,,,,Music series; gallery shows,Cold,3,Gallery show for Garden visual artists,,
allsouls,All Souls' Episcopal (Point Loma),org,church,Episcopal parish,people,"Liturgy, music and art as a window to the Divine.",Fr. Douglas Worthington (Rector),https://allsoulspointloma.org,,,,,,,Cold,2,,,
fpc,First Presbyterian Church San Diego,org,church,downtown church,space,FPC Concert Series; Music & Production ministry.,,https://fpcsd.org,,,,,,,Cold,2,,,
diocese,Catholic Diocese of San Diego,org,church,diocese,people,Bishop Michael M. Pham (Jul 2025); Jubilee Year of St. Francis 2026-27.,Bishop Michael M. Pham,https://sdcatholic.org,,,,,,,Cold,1,,,No arts office found
p_glus,Jonathon Glus,person,person,dsdp,,"The connector across Prebys, Downtown Partnership, City (ex-ED Nov 2018-Oct 2025), state advocacy, SD Magazine, SDFC, UCSD Design Lab | Creative-workforce district, not tourism; connect anchors to working artists; affordability/space; build contemporary-art product","Conrad Prebys Senior Art & Design Fellow in Residence; ED, Art + Design District; President, California for the Arts board; SDAM board",LinkedIn jonathon-glus-44b68114; X @JonathonGlus; IG @jonathondglus,,,,,,"Prebys, Brennan, SDAM, Baker, Johnson, Morúa, UCSD Design Lab, Haley",Met 9/15,5,Thank-you; Nov 6 invite; three intros; advisory roster; coverage slot,https://www.prebysfdn.org/stories/podcast/stop-talk/jonathon-glus-embracing-san-diego-as-a-creative-city,SF/LA remark is private
p_haley,Haley Montgomery Dall,person,person,tas,,Founding community; our 501c3 applicant; cultivating Prebys; possible 2027 Leadership awardee (public Feb 2027) | Artist flourishing; TAS expansion,"Founder & Executive Director, The Table Art Society",haley@thetableartsociety.com; @thetableartsociety,,,,,,"David Russo, Light Church network, Prebys, Glus",Ours,5,Prebys names; nomination status; board date; Flourish SD,,Prebys standing not public
p_david,David Russo,person,person,ap,,Founding community; already inside Barnabas and Light Church | Spiritual formation for artists,"Founder/Director, Abiding Practice",david@abidingpractice.com,,,,,,"Light Church, Barnabas Group, TAS, Third Chair",Ours,5,Confirm EIN; Barnabas return slot,,
p_oliphant,Grant Oliphant,person,person,prebys,,Controls ~$64M/yr; drove California Theatre and the June rescue; Stop & Talk host | Arts as economic infrastructure; downtown revitalization,"President & CEO, Prebys Foundation",prebysfdn.org,,,,,,"Glus, Dubick, Hamilton, Crystal Page",Glus; Haley,4,,,
p_dubick,Julie Dubick,person,person,prebys,,Governance bridge Prebys-DSDP,"Chief of Staff & Strategic Partnership Advisor, Prebys; DSDP executive board",,,,,,,"Oliphant, Brennan",Glus,3,,,
p_hamilton,Victoria Hamilton,person,person,prebys,,Three boards,Prebys board; SDAM emeritus; Forever Balboa Park chair,,,,,,,,Glus,3,,,
p_kritchevsky,Alexandra Kritchevsky,person,person,prebys,,Named contact for arts grants,"Program Officer (arts), Prebys",alexandra@prebysfdn.org; 619-860-2100 x104,,,,,,,Cold/Glus,4,Program-officer demo,,
p_young,Emily Young,person,person,prebys,,Public voice on Artists Count,"VP of Programs, Prebys",,,,,,,,Glus,3,,,
p_brennan,Betsy Brennan,person,person,dsdp,,Glus's boss; 2026 CEO of the Year | Downtown vitality; homelessness; arts district,"President & CEO, Downtown San Diego Partnership",,,,,,,"Glus, Keith B. Jones, Dubick",Glus,4,Intro,,
p_halliday,James Halliday,person,person,liberty,,North County-Liberty Station-advocacy bridge,"VP & Chief Advancement Officer, Arts District Liberty Station; SDAM interim chair; Encinitas Friends of the Arts board",,,,,,,"Lisa Johnson, Naimeh Woodward, SDAM board",Glus/EFA,5,Coffee,,
p_ljohnson,Lisa Johnson,person,person,liberty,,The space door,"President & CEO, Arts District Liberty Station",,,,,,,Halliday,Halliday,4,,,
p_swap,Susanna Peredo Swap,person,person,vanguard,,Press + convening ally; named in Glus note,"Founder & ED, Vanguard Culture",vanguardculture.com,,,,,,"UCSD ArtsConnect, Park & Market, SD Press Club",Cold,5,Coffee; list Nov 6,,
p_jde,Julia Dixon Evans,person,person,kpbs,,Edits the region's arts calendar,"Arts & Culture Reporter, KPBS; host The Finest",jdevans@kpbs.org,,,,,,,Cold,5,Listing + feature,,
p_cjohnson,Claire Johnson,person,person,sdmag,,Coverage run to early 2027,"CEO, San Diego Magazine",,,,,,,"Glus, Morúa",Glus,3,,,
p_morua,Sebastián Morúa,person,person,sdfc,,Closest local design comp; quarterly mixers,"SVP Brand & Innovation, San Diego FC (Playmakers)",,,,,,,"Glus, Johnson",Glus,3,Attend mixer,,
p_flores,Ron Flores,person,person,barnabas,,Books presenting slots,"Director, Ministry Engagement, Barnabas Group SD",Ron.Flores@BarnabasGroup.org,,,,,,,David,5,Slot request,,
p_binno,Selah Binno,person,person,barnabas,,,"Executive Director, Barnabas Group SD",,,,,,,Curt Hensley (chair),David,3,,,
p_crockett,Carter Crockett,person,person,fde,,Named local FDE person,"San Diego connector, Faith Driven Entrepreneur",,,,,,,SD Christian Chamber,Cold,3,,,
p_horning,Benji Horning,person,person,lightchurch,,Nov 6 host,"Lead & Teaching Pastor, Lightchurch",lightsandiego.com,,,,,,Jen Horning; Light Church SD (AP partner),Ours,5,List the event,,
p_goodell,Savannah Goodell,person,person,lightchurch,,Creative-staff liaison for Nov 6,"Creative Pastor, Lightchurch",,,,,,,,Ours,4,,,
p_danny,Danny Barragan,person,person,rock,,Advisor; bridge into largest church creative operation; Little Italy,"Executive Creative Director, Rock Church (worship, production, marketing, media)",LinkedIn danny-barragan-03218b189,,,,,,"McPherson, Ruiz, Little Italy",Ours,5,Little Italy intros; Rock patrons,https://theorg.com/org/rock-church/org-chart/danny-barragan,Reveal/Temple not public
p_limandri,Marco Li Mandri,person,person,littleitaly,,Most influential neighborhood operator,"Executive Advisor (founder), Little Italy Association",,,,,,,Christopher Gomez,Danny,3,,,
p_gomez,Christopher Gomez,person,person,littleitaly,,Day-to-day leader,"Chief Executive Administrator, Little Italy Association (since Jan 2025)",,,,,,,Li Mandri,Danny,3,,,
p_daichendt,G. James Daichendt,person,person,plnu,,Live PLNU arts door,"Dean of Arts & Humanities; Professor of Art, PLNU",pointloma.edu,,,,,,,Cold,3,,,
p_nelson,Dean Nelson,person,person,plnu,,Feb 24-26 2027 audience,"Founder, Writer's Symposium by the Sea (1995), PLNU",WritersSymposium@pointloma.edu,,,,,,,Cold,4,,,
p_nguyen,Mai Nguyen,person,person,ucsd_dl,,Design@Large; Design Forward Alliance lineage,"Director, UC San Diego Design Lab",designlab.ucsd.edu,,,,,,Glus; Daniela Deutsch; Nadir Weibel,Glus/@designlabucsd,4,,,
p_waltz,Andrew Waltz,person,person,parkmarket,,Programmable downtown space,"Director of Arts Management, UCSD Park & Market",,,,,,,Vanguard Culture,Vanguard,4,,,
p_dellacoletta,Cristina Della Coletta,person,person,ucsd_ah,,Campus arts agenda,"Dean, School of Arts & Humanities, UC San Diego",,,,,,,"ArtPower, Design Lab",,2,,,
p_depoyen,Jennifer de Poyen,person,person,space4art,,Structural peer; Prebys grantee; Arts Edition,"Executive Director, Space 4 Art",sdspace4art.org,,,,,,Prebys,Cold,3,,,
p_peck,James Peck,person,person,oma,,Artist Alliance; Art Prize,"Executive Director, Oceanside Museum of Art",oma-online.org,,,,,,Frischer; Deery,Cold,4,,,
p_frischer,Patricia Frischer,person,person,sdvan,,Art Prize; North County Arts Network,"Founder, San Diego Visual Arts Network",sdvisualarts.net,,,,,,OMA,Cold,3,,,
p_comiskey,Peter Comiskey,person,person,bpcp,,24 institutions,"Executive Director, Balboa Park Cultural Partnership",bpcp.org,,,,,,,Cold,3,,,
p_varner,Adena Varner,person,person,globe,,Community door,"Director of Arts Engagement, The Old Globe",,,,,,,,Cold,2,,,
p_stone,Jessica Stone,person,person,ljp,,WOW Festival,"Artistic Director, La Jolla Playhouse (Nov 2025)",,,,,,,,,2,,,
p_littman,Brett Littman,person,person,mcasd,,New leadership,"Director & CEO, MCASD (from Oct 2026)",,,,,,,,,2,,,
p_gilmer,Martha Gilmer,person,person,symphony,,Flagship venues,"President & CEO, San Diego Symphony",rbaker@sandiegosymphony.org,,,,,,Rick Baker (corporate),,2,,,
p_wallace,Carol Wallace,person,person,sdtheatres,,Civic + Balboa Theatres,"President & CEO, San Diego Theatres",,,,,,,Maria Nieto Senour,,2,,,
p_finnie,Gaidi Finnie,person,person,bacd,,Named pillar,"ED, SD African American Museum of Fine Art (Black Arts & Culture District)",,,,,,,Montgomery Steppe,,2,,,
p_steppe,Brandon Steppe,person,person,davidsharp,,What Prebys rewards,"Founder/ED, The David's Harp Foundation; 2026 Prebys Leadership awardee",,,,,,,Prebys,,3,,,
p_vanthillo,Ethan van Thillo,person,person,macsd,,What Prebys rewards; Latino Film Festival,"Founder/ED, Media Arts Center San Diego; 2026 Prebys Leadership awardee",,,,,,,Prebys,,3,,,
p_martinez,Christine Martinez,person,person,avsd,,Led 2026 restore campaign; named in Arts Edition | Stable arts funding,"Director, A Vibrant San Diego",director@avibrantsandiego.org,,,,,,Bob Lehman,Cold,3,,,
p_lehman,Bob Lehman,person,person,sdam,,City advocacy-County policy connector,"Executive Director, San Diego ART Matters; Vice Chair, County Arts & Culture Commission",,,,,,,"Martinez, Halliday, Gilliam",Glus/SDAM,4,,,
p_cjones,Christine E. Jones,person,person,city_ca,,Longest-tenured senior arts staffer; acting ED before Glus,"Senior staff, City Cultural Affairs; CAC State-Local Partner liaison",christinej@sandiego.gov,,,,,,Glus,Glus,5,,,
p_laing,Rachel Laing,person,person,city_ca,,Ex-Mayor comms director; press,"Assistant Deputy Director, City Cultural Affairs (Nov 2025)",,,,,,,Mayor's office,Glus,3,,,
p_ojones,Olivia Jones,person,person,city_ca,,Runs OSP/CCSD,"Senior Arts & Culture Funding Manager, City",,,,,,,,,4,,,
p_moctezuma,Alessandra Moctezuma,person,person,city_ca,,Sets agenda,"Chair, City Commission for Arts & Culture; Mesa College gallery director",Breza@sandiego.gov,,,,,,Bell Reza (liaison),public comment,3,,,
p_lawsonremer,Terra Lawson-Remer,person,person,county,,The Nov 6 district; CEP/NRP,"County Supervisor, District 3 (Carlsbad to Coronado: Encinitas, Del Mar, La Jolla, Little Italy)",District3Grants@sdcounty.ca.gov; 619-531-5533,,,,,,,Cold,5,D3 CEP application,,
p_anderson,Joel Anderson,person,person,county,,TAS's district; CEP/NRP,"County Supervisor, District 2 (East County; La Mesa)",District2Grants@sdcounty.ca.gov; 619-531-5522,,,,,,,Cold,4,D2 CEP application,,
p_montgomerysteppe,Monica Montgomery Steppe,person,person,county,,Co-author of June arts rescue; founded Black Arts & Culture District,"County Supervisor, District 4",,,,,,,"Prebys, Kent Lee",,3,,,
p_gilliam,Jim Gilliam,person,person,county_acc,,County policy + Encinitas,"Chair, County Arts & Culture Commission (D5); Encinitas's longtime arts administrator",arts@sdcounty.ca.gov,,,,,,Lehman,,3,,,
p_lacava,Joe LaCava,person,person,city_council,,Pushed back on FY27 cut,"Council President, District 1",619-236-6611,,,,,,,,2,,,
p_lee,Kent Lee,person,person,city_council,,Fronted the $10.35M restoration,Council President Pro Tem,,,,,,,"Foster, Montgomery Steppe, Prebys",,3,,,
p_foster,Henry Foster III,person,person,city_council,,Fronted the restoration,Budget Committee chair,,,,,,,,,2,,,
p_gloria,Todd Gloria,person,person,city_council,,Proposed the FY27 cut,Mayor of San Diego,,,,,,,,,1,,,
p_barros,Roque Barros,person,person,cac,,Regional voice,"Council Member (San Diego), California Arts Council",,,,,,,,,2,,,
p_estrada,Vicki Estrada,person,person,cac,,Regional voice,"Council Member (San Diego), California Arts Council; Estrada Land Planning",,,,,,,,,2,,,
p_goodwin,Leah Goodwin,person,person,cac,,Regional voice,"Council Member (Imperial Beach), California Arts Council",,,,,,,,,2,,,
p_stropes,Craddock Stropes,person,person,carlsbad,,Carlsbad arts,"Cultural Arts Manager, City of Carlsbad",arts@carlsbadca.gov; 442-339-2726,,,,,,Krystal Roa,Cold,3,,,
p_roa,Krystal Roa,person,person,carlsbad,,Runs the grants,"Community Arts Grants Program Manager, City of Carlsbad",krystal.roa@carlsbadca.gov; 442-339-5611,,,,,,,Cold,3,,,
p_deery,Danielle Deery,person,person,encinitas,,Encinitas + Oceanside network,"Instructor, Pacific View Arts Center; ex-Director of Exhibitions, OMA",pvac@encinitasCA.gov,,,,,,OMA; La Jolla Historical Society,Cold,4,Coffee,,
p_baker,Julie Baker,person,person,cfta,,Glus chairs her board,"CEO, California for the Arts / California Arts Advocates",,,,,,,Glus,Glus,2,,,
p_moraga,Ben Moraga,person,person,rsff,,North County DAFs,"President & CEO, Rancho Santa Fe Foundation",info@rsffoundation.org,,,,,,Abigail Jones; Lindsay Langford,Cold,2,,,
p_farley,Jim Farley,person,person,leichtag,,Encinitas campus,"Executive Chair, Leichtag Foundation",,,,,,,,,2,,,
p_smek,Dagmar Smek,person,person,laspatronas,,Capital grants,"VP Grants, Las Patronas",grants@laspatronas.org,,,,,,,,2,,,
p_nelsonv,Victor Nelson,person,person,picerne,,Artist Outreach Project,"Executive Director, Picerne Foundation",vnelson@picernefoundation.org,,,,,,,,3,,,
p_morrow,Lauren Morrow,person,person,sycuan,,Sponsorship requests,"Community Development Manager, Sycuan",mail only,,,,,,,,3,,,
p_stuart,Mark Stuart,person,person,sdf,,Largest community foundation,"President & CEO, The San Diego Foundation (single source)",,,,,,,Jillian Kodama (SDAM),,2,,,Single source
p_joey,Joey O'Connor,person,person,grove,,Status unclear,"Founder & ED, The Grove Center for the Arts & Media",thegrovecenter.org,,,,,,,Ours,2,Entity and asset plan,,
p_homestead,Steven Homestead,person,person,sdam,,On our 8/27 call,"Co-founder, Network of Christians in Visual Arts (national)",,,,,,,,Ours,3,,,Not verified this pass
p_chase,Rebecca Chase & Jen Byard,person,person,makers,,Maker markets,"Founders, Makers Arcade / San Diego Made",makersarcade.com,,,,,,,Cold,2,,,
p_mantooth,Tonya Mantooth,person,person,sdiff,,Oct 13-18,"Artistic Director, San Diego International Film Festival",,,,,,,,Ryan,3,,,
p_corley,Jennifer D. Corley,person,person,ssaw,,Storytelling format,"Program Director (VAMP), So Say We All",,,,,,,,Cold,2,,,
p_mcpherson,Miles McPherson,person,person,rock,,Largest church node,"Senior Pastor, Rock Church",,,,,,,Danny,Danny,2,,,
p_jhy,Jessica Hanson York,person,person,mingei,,Public voice against the cuts,"ED & CEO, Mingei; President, Balboa Park Cultural Partnership",,,,,,,BPCP,,2,,,
